component,category,css_variable,fallback_value,raw_fallback
nys-alert,private,--_nys-alert-border-width,--nys-border-width-lg,4px
nys-alert,private,--_nys-alert-border-radius,--nys-radius-md,4px
nys-alert,private,--_nys-alert-hover-border-radius,--nys-radius-sm,2px
nys-alert,private,--_nys-alert-text-color,--nys-color-text,var(--nys-color-neutral-900
nys-alert,private,--_nys-alert-link-color,--nys-color-link,var(--nys-color-blue-600
nys-alert,private,--_nys-alert-link-hover-color,--nys-color-link-strong,var(--nys-color-blue-700
nys-alert,private,--_nys-alert-link-active-color,--nys-color-link-strongest,var(--nys-color-blue-800
nys-alert,private,--_nys-alert-spacing,--nys-space-250,20px
nys-alert,private,--_nys-alert-font-family,--nys-font-family-ui,"var(
        --nys-font-family-sans"
nys-alert,private,--_nys-alert-font-size,--nys-font-size-ui-md,16px
nys-alert,private,--_nys-alert-lineheight,--nys-font-lineheight-ui-md,24px
nys-alert,private,--_nys-alert-letterspacing,--nys-font-letterspacing-ui-md,var(--nys-font-letterspacing-400
nys-alert,private,--_nys-alert-font-weight-regular,--nys-font-weight-regular,400
nys-alert,private,--_nys-alert-font-weight-semibold,--nys-font-weight-semibold,600
nys-alert,private,--_nys-alert-color-border-left,--nys-color-base,var(--nys-color-neutral-600
nys-alert,private,--_nys-alert-color-bg,--nys-color-base-weak,var(--nys-color-neutral-10
nys-alert,private,--_nys-alert-gap-space-150,--nys-space-150,12px
nys-alert,private,--_nys-alert-gap-space-50,--nys-space-50,4px
nys-alert,private,--_nys-alert-color-border-left,--nys-color-info,var(--nys-color-blue-600
nys-alert,private,--_nys-alert-color-bg,--nys-color-info-weak,var(--nys-color-blue-50
nys-alert,private,--_nys-alert-color-border-left,--nys-color-success,var(--nys-color-green-600
nys-alert,private,--_nys-alert-color-bg,--nys-color-success-weak,var(--nys-color-green-50
nys-alert,private,--_nys-alert-color-border-left,--nys-color-warning,var(--nys-color-yellow-400
nys-alert,private,--_nys-alert-color-bg,--nys-color-warning-weak,var(--nys-color-yellow-50
nys-alert,private,--_nys-alert-color-border-left,--nys-color-danger,var(--nys-color-red-600
nys-alert,private,--_nys-alert-color-bg,--nys-color-danger-weak,var(--nys-color-red-50
nys-alert,private,--_nys-alert-color-border-left,--nys-color-emergency,var(--nys-color-red-800
nys-alert,private,--_nys-alert-color-bg,--nys-color-emergency,var(--nys-color-red-800
nys-alert,private,--_nys-alert-text-color,--nys-color-text-reverse,var(--nys-color-white
nys-alert,private,--_nys-alert-link-color,--nys-color-link-reverse-neutral,var(--nys-color-white
nys-alert,private,--_nys-alert-link-hover-color,--nys-color-link-reverse-neutral,var(--nys-color-white
nys-alert,private,--_nys-alert-link-active-color,--nys-color-link-reverse-neutral,var(--nys-color-white
nys-avatar,private,--_nys-avatar-shape,--nys-radius-round,1776px
nys-avatar,private,--_nys-avatar-border,--nys-font-size-6xl,36px
nys-avatar,private,--_nys-avatar-size,--nys-font-size-6xl,36px
nys-avatar,private,--_nys-avatar-shape,--nys-radius-xs,var(--nys-space-1px
nys-avatar,private,--_nys-avatar-shape,--nys-radius-md,var(--nys-space-50
nys-avatar,private,--_nys-avatar-shape,--nys-radius-round,1776px
nys-backtotop,private,--_nys-button-radius-left,--nys-radius-round,1776px
nys-backtotop,private,--_nys-button-radius-right,--nys-radius-round,1776px
nys-backtotop,private,--_nys-button-padding-y,--nys-space-100,8px
nys-backtotop,private,--_nys-button-padding-x,--nys-space-200,16px
nys-button,private,--_nys-button-width,,
nys-button,private,--_nys-button-height,--nys-size-600,48px
nys-button,private,--_nys-button-radius-left,--nys-radius-xl,12px
nys-button,private,--_nys-button-radius-right,--nys-radius-xl,12px
nys-button,private,--_nys-button-padding-y,--nys-space-150,12px
nys-button,private,--_nys-button-padding-x,--nys-space-250,20px
nys-button,private,--_nys-button-gap,--nys-space-100,8px
nys-button,private,--_nys-button-width-border,--nys-border-width-md,2px
nys-button,private,--_nys-button-width-focus,--nys-border-width-md,2px
nys-button,private,--_nys-button-offset-focus,--nys-space-2px,2px
nys-button,private,--_nys-button-color-focus,--nys-color-focus,#004dd1
nys-button,private,--_nys-button-color-bg,--nys-color-theme,#154973
nys-button,private,--_nys-button-color-text,--nys-color-text-reverse,#ffffff
nys-button,private,--_nys-button-color-border,--nys-color-theme,#154973
nys-button,private,--_nys-button-color-bg-hover,--nys-color-theme-strong,#0e324f
nys-button,private,--_nys-button-color-text-hover,--nys-color-text-reverse,#ffffff
nys-button,private,--_nys-button-color-border-hover,--nys-color-theme-strong,#0e324f
nys-button,private,--_nys-button-color-bg-active,--nys-color-theme-stronger,#081b2b
nys-button,private,--_nys-button-color-text-active,--nys-color-text-reverse,#ffffff
nys-button,private,--_nys-button-color-border-active,--nys-color-theme-stronger,#081b2b
nys-button,private,--_nys-button-color-bg-disabled,--nys-color-neutral-10,#f6f6f6
nys-button,private,--_nys-button-color-text-disabled,--nys-color-text-disabled,#bec0c1
nys-button,private,--_nys-button-color-border-disabled,--nys-color-neutral-10,#f6f6f6
nys-button,private,--_nys-button-font-size,--nys-font-size-ui-md,16px
nys-button,private,--_nys-button-font-weight,--nys-font-weight-semibold,600
nys-button,private,--_nys-button-line-height,--nys-font-lineheight-ui-md,24px
nys-button,private,--_nys-button-font-family,--nys-font-family-ui,"var(
        --nys-font-family-sans"
nys-button,private,--_nys-button-height,--nys-size-500,40px
nys-button,private,--_nys-button-padding-y,--nys-space-100,8px
nys-button,private,--_nys-button-padding-x,--nys-space-200,16px
nys-button,private,--_nys-button-height,--nys-size-600,48px
nys-button,private,--_nys-button-padding-y,--nys-space-150,12px
nys-button,private,--_nys-button-padding-x,--nys-space-250,20px
nys-button,private,--_nys-button-height,--nys-size-700,56px
nys-button,private,--_nys-button-padding-y,--nys-space-200,16px
nys-button,private,--_nys-button-padding-x,--nys-space-300,24px
nys-button,private,--_nys-button-width,,
nys-button,private,--_nys-button-color-bg,--nys-color-theme,#154973
nys-button,private,--_nys-button-color-text,--nys-color-text-reverse,#ffffff
nys-button,private,--_nys-button-color-border,--nys-color-transparent,#ffffff00
nys-button,private,--_nys-button-color-bg-hover,--nys-color-theme-strong,#0e324f
nys-button,private,--_nys-button-color-text-hover,--nys-color-text-reverse,#ffffff
nys-button,private,--_nys-button-color-border,--nys-color-transparent,#ffffff00
nys-button,private,--_nys-button-color-bg-active,--nys-color-theme-stronger,#081b2b
nys-button,private,--_nys-button-color-text-active,--nys-color-text-reverse,#ffffff
nys-button,private,--_nys-button-color-border,--nys-color-transparent,#ffffff00
nys-button,private,--_nys-button-color-bg-disabled,--nys-color-neutral-10,#f6f6f6
nys-button,private,--_nys-button-color-text-disabled,--nys-color-text-disabled,#bec0c1
nys-button,private,--_nys-button-color-border,--nys-color-transparent,#ffffff00
nys-button,private,--_nys-button-color-bg,--nys-color-surface,#ffffff
nys-button,private,--_nys-button-color-text,--nys-color-theme,#154973
nys-button,private,--_nys-button-color-border,--nys-color-theme,#154973
nys-button,private,--_nys-button-color-bg-hover,--nys-color-theme-weaker,#eff6fb
nys-button,private,--_nys-button-color-text-hover,--nys-color-theme,#154973
nys-button,private,--_nys-button-color-border-hover,--nys-color-theme,#154973
nys-button,private,--_nys-button-color-bg-active,--nys-color-theme-weak,#cddde9
nys-button,private,--_nys-button-color-text-active,--nys-color-theme,#154973
nys-button,private,--_nys-button-color-border-active,--nys-color-theme,#154973
nys-button,private,--_nys-button-color-bg-disabled,--nys-color-surface,#ffffff
nys-button,private,--_nys-button-color-text-disabled,--nys-color-text-disabled,#bec0c1
nys-button,private,--_nys-button-color-border-disabled,--nys-color-neutral-100,#d0d0ce
nys-button,private,--_nys-button-height,,
nys-button,private,--_nys-button-radius-left,--nys-radius-md,4px
nys-button,private,--_nys-button-radius-right,--nys-radius-md,4px
nys-button,private,--_nys-button-padding-y,--nys-space-2px,2px
nys-button,private,--_nys-button-padding-x,--nys-space-50,4px
nys-button,private,--_nys-button-width-border,,
nys-button,private,--_nys-button-text-decoration,,
nys-button,private,--_nys-button-color-bg,--nys-color-transparent,#ffffff00
nys-button,private,--_nys-button-color-text,--nys-color-link,#004dd1
nys-button,private,--_nys-button-color-border,--nys-color-transparent,#ffffff00
nys-button,private,--_nys-button-color-bg-hover,--nys-color-transparent,#ffffff00
nys-button,private,--_nys-button-color-text-hover,--nys-color-link-strong,#003ba1
nys-button,private,--_nys-button-color-border-hover,--nys-color-transparent,#ffffff00
nys-button,private,--_nys-button-color-bg-active,--nys-color-transparent,#ffffff00
nys-button,private,--_nys-button-color-text-active,--nys-color-link-strongest,#002971
nys-button,private,--_nys-button-color-border-active,--nys-color-transparent,#ffffff00
nys-button,private,--_nys-button-color-bg-disabled,--nys-color-transparent,#ffffff00
nys-button,private,--_nys-button-color-text-disabled,--nys-color-text-disabled,#bec0c1
nys-button,private,--_nys-button-color-border-disabled,--nys-color-transparent,#ffffff00
nys-button,private,--_nys-button-color-bg,--nys-color-transparent,#ffffff00
nys-button,private,--_nys-button-color-text,--nys-color-text,#1b1b1b
nys-button,private,--_nys-button-color-border,--nys-color-transparent,#ffffff00
nys-button,private,--_nys-button-color-bg-hover,--nys-color-black-transparent-100,#0000001a
nys-button,private,--_nys-button-color-text-hover,--nys-color-text,#1b1b1b
nys-button,private,--_nys-button-color-border-hover,--nys-color-transparent,#ffffff00
nys-button,private,--_nys-button-color-bg-active,--nys-color-black-transparent-200,#00000033
nys-button,private,--_nys-button-color-text-active,--nys-color-text,#1b1b1b
nys-button,private,--_nys-button-color-border-active,--nys-color-transparent,#ffffff00
nys-button,private,--_nys-button-color-bg-disabled,--nys-color-transparent,#ffffff00
nys-button,private,--_nys-button-color-text-disabled,--nys-color-text-disabled,#bec0c1
nys-button,private,--_nys-button-color-border-disabled,--nys-color-transparent,#ffffff00
nys-button,private,--_nys-button-color-bg,--nys-color-surface,#ffffff
nys-button,private,--_nys-button-color-text,--nys-color-text,#1b1b1b
nys-button,private,--_nys-button-color-border-disabled,--nys-color-transparent,#ffffff00
nys-button,private,--_nys-button-color-bg-hover,--nys-color-neutral-100,#d0d0ce
nys-button,private,--_nys-button-color-text-hover,--nys-color-text,#1b1b1b
nys-button,private,--_nys-button-color-border-disabled,--nys-color-transparent,#ffffff00
nys-button,private,--_nys-button-color-bg-active,--nys-color-neutral-300,#a7a9ab
nys-button,private,--_nys-button-color-text-active,--nys-color-text,#1b1b1b
nys-button,private,--_nys-button-color-border-disabled,--nys-color-transparent,#ffffff00
nys-button,private,--_nys-button-color-bg-disabled,--nys-color-text,#1b1b1b
nys-button,private,--_nys-button-color-text-disabled,--nys-color-text-disabled,#62666a
nys-button,private,--_nys-button-color-border-disabled,--nys-color-transparent,#ffffff00
nys-button,private,--_nys-button-color-bg,--nys-color-surface-reverse,#1b1b1b
nys-button,private,--_nys-button-color-text,--nys-color-text-reverse,#ffffff
nys-button,private,--_nys-button-color-border,--nys-color-ink-reverse,#ffffff
nys-button,private,--_nys-button-color-bg-hover,--nys-color-surface-reverse,#1b1b1b
nys-button,private,--_nys-button-color-text-hover,--nys-color-text-reverse-weak,#d0d0ce
nys-button,private,--_nys-button-color-border-hover,--nys-color-neutral-100,#d0d0ce
nys-button,private,--_nys-button-color-bg-active,--nys-color-surface-reverse,#1b1b1b
nys-button,private,--_nys-button-color-text-active,--nys-color-text-reverse-weaker,#bec0c1
nys-button,private,--_nys-button-color-border-active,--nys-color-neutral-300,#a7a9ab
nys-button,private,--_nys-button-color-bg-disabled,--nys-color-surface-reverse,#1b1b1b
nys-button,private,--_nys-button-color-text-disabled,--nys-color-text-reverse-disabled,#62666a
nys-button,private,--_nys-button-color-border-disabled,--nys-color-neutral-600,#62666a
nys-button,private,--_nys-button-height,,
nys-button,private,--_nys-button-radius-left,--nys-radius-md,4px
nys-button,private,--_nys-button-radius-right,--nys-radius-md,4px
nys-button,private,--_nys-button-padding-y,--nys-space-2px,2px
nys-button,private,--_nys-button-padding-x,--nys-space-50,4px
nys-button,private,--_nys-button-width-border,,
nys-button,private,--_nys-button-text-decoration,,
nys-button,private,--_nys-button-color-bg,--nys-color-transparent,#ffffff00
nys-button,private,--_nys-button-color-text,--nys-color-link-reverse,#a7a9ab
nys-button,private,--_nys-button-color-border,--nys-color-transparent,#ffffff00
nys-button,private,--_nys-button-color-bg-hover,--nys-color-transparent,#ffffff00
nys-button,private,--_nys-button-color-text-hover,--nys-color-link-reverse-strong,#ededed
nys-button,private,--_nys-button-color-border-hover,--nys-color-transparent,#ffffff00
nys-button,private,--_nys-button-color-bg-active,--nys-color-transparent,#ffffff00
nys-button,private,--_nys-button-color-text-active,--nys-color-reverse-strongest,#ffffff
nys-button,private,--_nys-button-color-border-active,--nys-color-transparent,#ffffff00
nys-button,private,--_nys-button-color-bg-disabled,--nys-color-transparent,#ffffff00
nys-button,private,--_nys-button-color-text-disabled,--nys-color-text-reverse-disabled,#62666a
nys-button,private,--_nys-button-color-border-disabled,--nys-color-transparent,#ffffff00
nys-button,private,--_nys-button-color-bg,--nys-color-transparent,#ffffff00
nys-button,private,--_nys-button-color-text,--nys-color-text-reverse,#ffffff
nys-button,private,--_nys-button-color-border,--nys-color-transparent,#ffffff00
nys-button,private,--_nys-button-color-bg-hover,--nys-color-white-transparent-100,#ffffff1a
nys-button,private,--_nys-button-color-text-hover,--nys-color-text-reverse,#ffffff
nys-button,private,--_nys-button-color-border-hover,--nys-color-transparent,#ffffff00
nys-button,private,--_nys-button-color-bg-active,--nys-color-white-transparent-200,#ffffff33
nys-button,private,--_nys-button-color-text-active,--nys-color-text-reverse,#ffffff
nys-button,private,--_nys-button-color-border-active,--nys-color-transparent,#ffffff00
nys-button,private,--_nys-button-color-bg-disabled,--nys-color-transparent,#ffffff00
nys-button,private,--_nys-button-color-text-disabled,--nys-color-text-disabled,#62666a
nys-button,private,--_nys-button-color-border-disabled,--nys-color-transparent,#ffffff00
nys-button,private,--_nys-button-width,--_nys-button-height,
nys-button,private,--_nys-button-radius-left,--nys-radius-round,1776px
nys-button,private,--_nys-button-radius-right,--nys-radius-round,1776px
nys-button,private,--_nys-button-padding-y,,
nys-button,private,--_nys-button-padding-x,,
nys-checkbox,private,--_nys-checkbox-size,--nys-size-400,32px
nys-checkbox,private,--_nys-checkbox-radius,--nys-radius-md,4px
nys-checkbox,private,--_nys-checkbox-width-border,--nys-border-width-md,2px
nys-checkbox,private,--_nys-checkbox-color-focus,--nys-color-focus,#004dd1
nys-checkbox,private,--_nys-checkbox-width-focus,--nys-border-width-md,2px
nys-checkbox,private,--_nys-checkbox-outline-offset,--nys-space-2px,2px
nys-checkbox,private,--_nys-checkbox-gap,--nys-space-150,12px
nys-checkbox,private,--_nys-checkboxgroup-gap,--nys-space-200,16px
nys-checkbox,private,--_nys-checkbox-font-family,--nys-font-family-ui,"var(
        --nys-font-family-sans"
nys-checkbox,private,--_nys-checkbox-font-size,--nys-font-size-ui-md,16px
nys-checkbox,private,--_nys-checkbox-font-weight-400,--nys-font-weight-regular,400
nys-checkbox,private,--_nys-checkbox-font-weight-600,--nys-font-weight-semibold,600
nys-checkbox,private,--_nys-checkbox-line-height,--nys-font-lineheight-ui-md,24px
nys-checkbox,private,--_nys-checkbox-color,--nys-color-ink,var(--nys-color-neutral-900
nys-checkbox,private,--_nys-checkbox-required-color,--nys-color-danger,var(--nys-color-red-600
nys-checkbox,private,--_nys-checkbox-color-bg,--nys-color-ink-reverse,#ffffff
nys-checkbox,private,--_nys-checkbox-color-border,--nys-color-neutral-600,#62666a
nys-checkbox,private,--_nys-checkbox-hover-color-bg,--nys-color-neutral-50,#ededed
nys-checkbox,private,--_nys-checkbox-hover-color-border,--nys-color-ink,#1b1b1b
nys-checkbox,private,--_nys-checkbox-pressed-color-bg,--nys-color-neutral-100,#d0d0ce
nys-checkbox,private,--_nys-checkbox-pressed-color-border,--nys-color-ink,#1b1b1b
nys-checkbox,private,--_nys-checkbox-checked-color-bg,--nys-color-theme,#154973
nys-checkbox,private,--_nys-checkbox-checked-color-border,--nys-color-theme,#154973
nys-checkbox,private,--_nys-checkbox-checked-hover-color-bg,--nys-color-theme-strong,#0e324f
nys-checkbox,private,--_nys-checkbox-checked-hover-color-border,--nys-color-theme-strong,#0e324f
nys-checkbox,private,--_nys-checkbox-checked-pressed-color-bg,--nys-color-theme-stronger,#081b2b
nys-checkbox,private,--_nys-checkbox-checked-pressed-color-border,--nys-color-theme-stronger,#081b2b
nys-checkbox,private,--_nys-checkbox-disabled-color-bg,--nys-color-ink-reverse,#f0f0f0
nys-checkbox,private,--_nys-checkbox-disabled-color-border,--nys-color-neutral-400,#757575
nys-checkbox,private,--_nys-checkbox-disabled-color-text,--nys-color-text-disabled,#bec0c1
nys-checkbox,private,--_nys-checkbox-disabled-checked-color-bg,--nys-color-neutral-100,#d0d0ce
nys-checkbox,private,--_nys-checkbox-disabled-checked-color-border,--nys-color-neutral-100,#d0d0ce
nys-checkbox,private,--_nys-checkbox-size,--nys-size-300,24px
nys-checkbox,private,--_nys-checkbox-radius,--nys-radius-sm,2px
nys-checkbox,private,--_nys-checkboxgroup-gap,--nys-space-100,8px
nys-checkbox,private,--_nys-checkbox-gap,--nys-space-100,8px
nys-checkbox,private,--_nys-checkbox-size,--nys-size-400,32px
nys-checkbox,private,--_nys-checkbox-radius,--nys-radius-md,4px
nys-checkbox,private,--_nys-checkbox-font-weight-label,--nys-font-weight-semibold,600
nys-checkbox,private,--_nys-checkbox-tile-border-width,--nys-border-width-sm,1px
nys-checkbox,private,--_nys-checkbox-tile-border-radius,--nys-radius-md,4px
nys-checkbox,private,--_nys-checkbox-tile-border-color,--nys-color-neutral-100,#d0d0ce
nys-checkbox,private,--_nys-checkbox-tile-bg-color,--nys-color-ink-reverse,#ffffff
nys-checkbox,private,--_nys-checkbox-tile-padding-x,--nys-space-250,20px
nys-checkbox,private,--_nys-checkbox-tile-padding-y,--nys-space-200,16px
nys-checkbox,private,--_nys-checkbox-hover-tile-border-color,--nys-color-neutral-700,#4a4d4f
nys-checkbox,private,--_nys-checkbox-hover-tile-bg-color,--nys-color-ink-reverse,#ffffff
nys-checkbox,private,--_nys-checkbox-pressed-tile-border-color,--nys-color-neutral-900,#1b1b1b
nys-checkbox,private,--_nys-checkbox-pressed-tile-bg-color,--nys-color-ink-reverse,#ffffff
nys-checkbox,private,--_nys-checkbox-checked-tile-border-color,--nys-color-theme-mid,#457aa5
nys-checkbox,private,--_nys-checkbox-checked-tile-bg-color,--nys-color-theme-faint,#f7fafd
nys-checkbox,private,--_nys-checkbox-disabled-tile-bg-color,--nys-color-ink-reverse,#f0f0f0
nys-checkbox,private,--_nys-checkbox-disabled-tile-border-color,--nys-color-neutral-100,#d0d0ce
nys-checkbox,private,--_nys-checkbox-tile-padding-x,--nys-space-200,16px
nys-checkbox,private,--_nys-checkbox-tile-padding-y,--nys-space-150,12px
nys-checkbox,private,--_nys-checkbox-tile-border-color,--nys-color-danger,#b52c2c
nys-checkbox,private,--_nys-checkbox-hover-tile-border-color,--nys-color-danger,#b52c2c
nys-checkbox,private,--_nys-checkbox-pressed-tile-border-color,--nys-color-danger,#b52c2c
nys-checkbox,private,--_nys-checkbox-checked-tile-border-color,--nys-color-danger,#b52c2c
nys-checkbox,private,--_nys-errormessage-margin-top,--nys-space-50,4px
nys-errormessage,private,--_nys-errormessage-font-family,--nys-font-family-ui,"var(
        --nys-font-family-sans"
nys-errormessage,private,--_nys-errormessage-font-weight,--nys-font-weight-regular,400
nys-errormessage,private,--_nys-errormessage-font-size,--nys-font-size-ui-md,16px
nys-errormessage,private,--_nys-errormessage-line-height,--nys-font-lineheight-ui-md,24px
nys-errormessage,private,--_nys-errormessage-letter-spacing,--nys-font-letterspacing-ui-md,0.044px
nys-errormessage,private,--_nys-errormessage-color,--nys-color-danger,var(--nys-color-red-600
nys-errormessage,private,--_nys-errormessage-gap,--nys-space-100,8px
nys-errormessage,private,--_nys-errormessage-divider-gap,--nys-space-50,4px
nys-errormessage,private,--_nys-errormessage-divider-width,--nys-border-width-sm,1px
nys-errormessage,private,--_nys-errormessage-margin-top,,
nys-fileinput,private,--_nys-fileinput-gap,--nys-space-100,8px
nys-fileinput,private,--_nys-fileinput-font-size,--nys-font-size-ui-md,16px
nys-fileinput,private,--_nys-fileinput-font-weight,--nys-font-weight-semibold,600
nys-fileinput,private,--_nys-fileinput-line-height,--nys-font-lineheight-ui-md,24px
nys-fileinput,private,--_nys-fileinput-font-family,--nys-font-family-ui,"var(
        --nys-font-family-sans"
nys-fileinput,private,--_nys-fileinput-dropzone-background,--nys-color-ink-reverse,#fff
nys-fileinput,private,--_nys-fileinput-dropzone-radius,--nys-radius-lg,var(--nys-space-100
nys-fileinput,private,--_nys-fileinput-dropzone-border,--nys-border-width-sm,#bec0c1
nys-fileinput,private,--_nys-fileinput-dropzone-color,--nys-color-text-disabled,#bec0c1
nys-fileinput,private,--_nys-fileinput-dropzone-border,--nys-border-width-md,#4a4d4f
nys-fileinput,private,--_nys-fileinput-dropzone-border,--nys-border-width-md,#154973
nys-fileinput,private,--_nys-fileinput-dropzone-background,--nys-color-theme-faint,#f7fafd
nys-fileinput,private,--_nys-fileinput-dropzone-border,--nys-border-width-md,#b52c2c
nys-fileinput,private,--_nys-fileinput-dropzone-border,--nys-border-width-sm,#721c1c
nys-fileinput,private,--_nys-fileinput-dropzone-border,--nys-border-width-sm,#a7a9ab
nys-fileinput,private,--_nys-fileinput-dropzone-background,--nys-color-neutral-10,#f6f6f6
nys-globalfooter,private,--_nys-globalfooter-text-color,--nys-color-text,var(--nys-color-neutral-900
nys-globalfooter,private,--_nys-globalfooter-link-color,--nys-color-link-neutral,var(--nys-color-neutral-900
nys-globalfooter,private,--_nys-globalfooter-background,--nys-color-theme-weaker,var(--nys-color-state-blue-50
nys-globalfooter,private,--_nys-globalfooter-gap-spacing,--nys-space-300,24px
nys-globalfooter,private,--_nys-globalfooter-padding,--nys-space-400,32px
nys-globalfooter,private,--_nys-globalfooter-gutter,--nys-gutter-sm,20px
nys-globalfooter,private,--_nys-globalfooter-font-size,--nys-font-size-agency-xl,var(--nys-font-size-2xl
nys-globalfooter,private,--_nys-globalfooter-font-size-links,--nys-font-size-body-md,var(--nys-font-size-md
nys-globalfooter,private,--_nys-globalfooter-lineheight,,
nys-globalfooter,private,--_nys-globalfooter-font-weight-semibold,--nys-font-weight-semibold,600
nys-globalfooter,private,--_nys-globalfooter-content-max-width,--nys-max-content-width,1280px
nys-globalfooter,private,--_nys-globalfooter-font-family-agency,--nys-font-family-agency,"""D Sari"""
nys-globalfooter,private,--_nys-globalfooter-link-gap-spacing-row,--nys-space-400,32px
nys-globalfooter,private,--_nys-globalfooter-link-gap-spacing-column,--nys-space-400,32px
nys-globalfooter,private,--_nys-globalfooter-lineheight-links,--nys-font-lineheight-ui-md,24px
nys-globalfooter,private,--_nys-globalfooter-link-letterspacing,--nys-font-letterspacing-ui-md,var(--nys-font-letterspacing-400
nys-globalfooter,private,--_nys-globalfooter-link-font-family,--nys-font-family-ui,"var(
        --nys-font-family-sans"
nys-globalfooter,private,--_nys-globalfooter-link-weight-decoration,--nys-size-2px,2px
nys-globalfooter,private,--_nys-globalfooter-gutter,--nys-gutter-lg,32px
nys-globalfooter,private,--_nys-globalfooter-link-gap-spacing-column,--nys-space-600,48px
nys-globalfooter,private,--_nys-globalfooter-gutter,--nys-gutter-xl,64px
nys-globalheader,private,--_nys-globalheader-text-color,--nys-color-text-reverse,var(--nys-color-white
nys-globalheader,private,--_nys-globalheader-link-color,--nys-color-link-reverse-neutral,var(--nys-color-white
nys-globalheader,private,--_nys-globalheader-background,--nys-color-theme,var(--nys-color-state-blue-700
nys-globalheader,private,--_nys-globalheader-main-gap-spacing,--nys-space-300,24px
nys-globalheader,private,--_nys-globalheader-padding,--nys-space-250,20px
nys-globalheader,private,--_nys-globalheader-gutter,--nys-gutter-sm,20px
nys-globalheader,private,--_nys-globalheader-font-family,--nys-font-family-ui,"var(
        --nys-font-family-sans"
nys-globalheader,private,--_nys-globalheader-lineheight,,
nys-globalheader,private,--_nys-globalheader-letterspacing,,
nys-globalheader,private,--_nys-globalheader-font-weight-bold,--nys-font-weight-bold,700
nys-globalheader,private,--_nys-globalheader-font-weight-semibold,--nys-font-weight-semibold,600
nys-globalheader,private,--_nys-globalheader-content-max-width,--nys-max-content-width,1280px
nys-globalheader,private,--_nys-globalheader-name-gap-spacing,--nys-space-100,8px
nys-globalheader,private,--_nys-globalheader-font-size-main-name,--nys-font-size-agency-xl,var(--nys-font-size-2xl
nys-globalheader,private,--_nys-globalheader-font-size-sub-name,--nys-font-size-agency-md,var(--nys-font-size-md
nys-globalheader,private,--_nys-globalheader-font-family-agency,--nys-font-family-agency,"""D Sari"""
nys-globalheader,private,--_nys-globalfooter-link-gap-spacing-row,--nys-space-300,24px
nys-globalheader,private,--_nys-globalfooter-link-gap-spacing-column,--nys-space-400,32px
nys-globalheader,private,--_nys-globalheader-link-lineheight,--nys-font-lineheight-ui-md,24px
nys-globalheader,private,--_nys-globalheader-link-letterspacing,--nys-font-letterspacing-ui-md,var(--nys-font-letterspacing-400
nys-globalheader,private,--_nys-globalheader-link-weight-decoration,--nys-size-2px,2px
nys-globalheader,private,--_nys-globalheader-mobile-btn-font-size,--nys-type-size-ui-xs,12px
nys-globalheader,private,--_nys-globalheader-mobile-btn-lineheight,--nys-font-lineheight-ui-xs,20px
nys-globalheader,private,--_nys-globalheader-mobile-btn-letterspacing,--nys-font-letterspacing-ui-xs,0.057px
nys-globalheader,private,--_nys-globalheader-mobile-li-border-color,--nys-color-theme-mid,#457aa5
nys-globalheader,private,--_nys-globalheader-mobile-li-hover-bg,--nys-color-theme-strong,#0e324f
nys-globalheader,private,--_nys-globalheader-mobile-li-active-bg,--nys-color-theme-stronger,#081b2b
nys-globalheader,private,--_nys-globalheader-main-gap-spacing,--nys-space-500,40px
nys-globalheader,private,--_nys-globalheader-gutter,--nys-gutter-lg,32px
nys-globalheader,private,--_nys-globalheader-gutter,--nys-gutter-xl,64px
nys-icon,private,--_nys-icon-size,,
nys-icon,private,--_nys-icon-size,,
nys-label,private,--_nys-label-font-family,--nys-font-family-ui,"var(
        --nys-font-family-sans"
nys-label,private,--_nys-label-font-weight,--nys-font-weight-semibold,600
nys-label,private,--_nys-label-font-size,--nys-font-size-ui-md,16px
nys-label,private,--_nys-label-line-height,--nys-font-lineheight-ui-md,24px
nys-label,private,--_nys-label-letter-spacing,--nys-font-letterspacing-ui-md,0.044px
nys-label,private,--_nys-label-font-color,--nys-color-text,#1b1b1b
nys-label,private,--_nys-label-flag-gap,--nys-space-2px,2px
nys-radiobutton,private,--_nys-radiobutton-size,--nys-size-400,32px
nys-radiobutton,private,--_nys-radiobutton-radius,--nys-radius-md,4px
nys-radiobutton,private,--_nys-radiobutton-width-border,--nys-border-width-md,2px
nys-radiobutton,private,--_nys-radiobutton-color-focus,--nys-color-focus,#004dd1
nys-radiobutton,private,--_nys-radiobutton-width-focus,--nys-border-width-md,2px
nys-radiobutton,private,--_nys-radiobutton-outline-offset,--nys-space-2px,2px
nys-radiobutton,private,--_nys-radiobutton-gap,--nys-space-150,12px
nys-radiobutton,private,--_nys-radiogroup-gap,--nys-space-200,16px
nys-radiobutton,private,--_nys-radiobutton-font-family,--nys-font-family-ui,"var(
        --nys-font-family-sans"
nys-radiobutton,private,--_nys-radiobutton-font-size,--nys-font-size-ui-md,16px
nys-radiobutton,private,--_nys-radiobutton-font-weight-label,--nys-font-weight-regular,400
nys-radiobutton,private,--_nys-radiobutton-font-weight-description,--nys-font-weight-regular,400
nys-radiobutton,private,--_nys-radiobutton-line-height,--nys-font-lineheight-ui-md,24px
nys-radiobutton,private,--_nys-radiobutton-color,--nys-color-ink,var(--nys-color-neutral-900
nys-radiobutton,private,--_nys-radiobutton-color-text,--nys-color-text,var(--nys-color-neutral-900
nys-radiobutton,private,--_nys-radiobutton-color-bg,--nys-color-ink-reverse,#ffffff
nys-radiobutton,private,--_nys-radiobutton-color-border,--nys-color-neutral-600,#62666a
nys-radiobutton,private,--_nys-radiobutton-hover-color-bg,--nys-color-neutral-50,#ededed
nys-radiobutton,private,--_nys-radiobutton-hover-color-border,--nys-color-ink,#1b1b1b
nys-radiobutton,private,--_nys-radiobutton-pressed-color-bg,--nys-color-neutral-100,#d0d0ce
nys-radiobutton,private,--_nys-radiobutton-pressed-color-border,--nys-color-ink,#1b1b1b
nys-radiobutton,private,--_nys-radiobutton-checked-color-bg,--nys-color-theme,#154973
nys-radiobutton,private,--_nys-radiobutton-checked-hover-color-bg,--nys-color-theme-strong,var(--nys-color-state-blue-800
nys-radiobutton,private,--_nys-radiobutton-checked-hover-color-border,--nys-color-ink,#1b1b1b
nys-radiobutton,private,--_nys-radiobutton-checked-pressed-color-bg,--nys-color-theme-strong,var(--nys-color-state-blue-800
nys-radiobutton,private,--_nys-radiobutton-checked-pressed-color-border,--nys-color-ink,#1b1b1b
nys-radiobutton,private,--_nys-radiobutton-disabled-color-bg,--nys-color-ink-reverse,#f0f0f0
nys-radiobutton,private,--_nys-radiobutton-disabled-color-text,--nys-color-text-disabled,var(--nys-color-neutral-200
nys-radiobutton,private,--_nys-radiobutton-disabled-color-border,--nys-color-neutral-100,#d0d0ce
nys-radiobutton,private,--_nys-radiobutton-disabled-checked-color-bg,--nys-color-neutral-100,#d0d0ce
nys-radiobutton,private,--_nys-radiobutton-disabled-checked-color-border,--nys-color-neutral-100,#d0d0ce
nys-radiobutton,private,--_nys-radiobutton-size,--nys-size-300,24px
nys-radiobutton,private,--_nys-radiobutton-radius,--nys-radius-sm,2px
nys-radiobutton,private,--_nys-radiogroup-gap,--nys-space-100,8px
nys-radiobutton,private,--_nys-radiobutton-gap,--nys-space-100,8px
nys-radiobutton,private,--_nys-radiobutton-size,--nys-size-400,32px
nys-radiobutton,private,--_nys-radiobutton-radius,--nys-radius-md,4px
nys-radiobutton,private,--_nys-radiogroup-gap,--nys-space-200,16px
nys-radiobutton,private,--_nys-radiobutton-gap,--nys-space-150,12px
nys-radiobutton,private,--_nys-radiobutton-font-weight-label,--nys-font-weight-semibold,600
nys-radiobutton,private,--_nys-radiobutton-tile-border-width,--nys-border-width-sm,1px
nys-radiobutton,private,--_nys-radiobutton-tile-border-radius,--nys-radius-md,4px
nys-radiobutton,private,--_nys-radiobutton-tile-border-color,--nys-color-neutral-100,#d0d0ce
nys-radiobutton,private,--_nys-radiobutton-tile-bg-color,--nys-color-ink-reverse,#ffffff
nys-radiobutton,private,--_nys-radiobutton-tile-padding-x,--nys-space-250,20px
nys-radiobutton,private,--_nys-radiobutton-tile-padding-y,--nys-space-200,16px
nys-radiobutton,private,--_nys-radiobutton-hover-tile-border-color,--nys-color-neutral-700,#4a4d4f
nys-radiobutton,private,--_nys-radiobutton-hover-tile-bg-color,--nys-color-ink-reverse,#ffffff
nys-radiobutton,private,--_nys-radiobutton-pressed-tile-border-color,--nys-color-neutral-900,#1b1b1b
nys-radiobutton,private,--_nys-radiobutton-pressed-tile-bg-color,--nys-color-ink-reverse,#ffffff
nys-radiobutton,private,--_nys-radiobutton-checked-tile-border-color,--nys-color-theme-mid,#457aa5
nys-radiobutton,private,--_nys-radiobutton-checked-tile-bg-color,--nys-color-theme-faint,#f7fafd
nys-radiobutton,private,--_nys-radiobutton-disabled-tile-bg-color,--nys-color-ink-reverse,#f0f0f0
nys-radiobutton,private,--_nys-radiobutton-disabled-tile-border-color,--nys-color-neutral-100,#d0d0ce
nys-radiobutton,private,--_nys-radiobutton-tile-padding-x,--nys-space-200,16px
nys-radiobutton,private,--_nys-radiobutton-tile-padding-y,--nys-space-150,12px
nys-radiobutton,private,--_nys-radiobutton-tile-border-color,--nys-color-danger,#b52c2c
nys-radiobutton,private,--_nys-radiobutton-hover-tile-border-color,--nys-color-danger,#b52c2c
nys-radiobutton,private,--_nys-radiobutton-pressed-tile-border-color,--nys-color-danger,#b52c2c
nys-radiobutton,private,--_nys-radiobutton-checked-tile-border-color,--nys-color-danger,#b52c2c
nys-select,private,--_nys-select-width,,
nys-select,private,--_nys-select-font-family,--nys-font-family-ui,"var(
        --nys-font-family-sans"
nys-select,private,--_nys-select-font-size,--nys-font-size-ui-md,16px
nys-select,private,--_nys-select-font-weight,--nys-font-weight-regular,400
nys-select,private,--_nys-select-line-height,--nys-font-lineheight-ui-md,24px
nys-select,private,--_nys-select-gap,--nys-space-50,4px
nys-select,private,--_nys-select-radius,--nys-radius-md,var(--nys-space-50
nys-select,private,--_nys-select-padding,--nys-space-100,8px
nys-select,private,--_nys-select-text-color,--nys-color-text,var(--nys-color-neutral-900
nys-select,private,--_nys-select-icon-color,--nys-color-ink,var(--nys-color-neutral-900
nys-select,private,--_nys-select-error-color,--nys-color-danger,var(--nys-color-red-600
nys-select,private,--_nys-select-bg-color,--nys-color-ink-reverse,#fff
nys-select,private,--_nys-select-bg-disabled-color,--nys-color-neutral-50,#ededed
nys-select,private,--_nys-select-text-disabled-color,--nys-color-text-disabled,var(--nys-color-neutral-200
nys-select,private,--_nys-select-icon-disabled-color,--nys-color-neutral-200,#bec0c1
nys-select,private,--_nys-select-border-default,--nys-border-width-sm,#909395
nys-select,private,--_nys-select-border-focus,--nys-border-width-sm,var(--nys-color-blue-600
nys-select,private,--_nys-select-border-disabled,--nys-border-width-sm,#bec0c1
nys-select,private,--_nys-select-border-hover,--nys-border-width-sm,#1b1b1b
nys-select,private,--_nys-select-width,--nys-select-form-width-sm,88px
nys-select,private,--_nys-select-width,--nys-select-form-width-md,200px
nys-select,private,--_nys-select-width,--nys-select-form-width-lg,384px
nys-select,private,--_nys-select-width,,
nys-select,private,--_nys-select-border-default,--nys-border-width-sm,1px
nys-skipnav,private,--_nys-skipnav-padding-vertical,--nys-space-100,8px
nys-skipnav,private,--_nys-skipnav-padding-horizontal,--nys-space-200,16px
nys-skipnav,private,--_nys-skipnav-gap,--nys-space-100,8px
nys-skipnav,private,--_nys-skipnav-focus-border,--nys-border-width-md,2px
nys-skipnav,private,--_nys-skipnav-focus-border-radius,--nys-radius-sm,2px
nys-skipnav,private,--_nys-skipnav-font-size,--nys-font-size-ui-md,16px
nys-skipnav,private,--_nys-skipnav-font-weight,--nys-font-weight-semibold,600
nys-skipnav,private,--_nys-skipnav-font-letterspacing,--nys-font-letterspacing-ui-md,0.044px
nys-skipnav,private,--_nys-skipnav-line-height,--nys-font-lineheight-ui-md,24px
nys-skipnav,private,--_nys-skipnav-font-family,--nys-font-family-ui,"var(
        --nys-font-family-sans"
nys-skipnav,private,--_nys-skipnav-color-link,--nys-color-link,#004dd1
nys-skipnav,private,--_nys-skipnav-color-background,--nys-color-surface,#fff
nys-textarea,private,--_nys-textarea-width,,
nys-textarea,private,--_nys-textarea-radius,--nys-radius-md,4px
nys-textarea,private,--_nys-textarea-width-border,--nys-border-width-sm,1px
nys-textarea,private,--_nys-textarea-color-border,--nys-color-neutral-400,#909395
nys-textarea,private,--_nys-textarea-padding,--nys-space-100,8px
nys-textarea,private,--_nys-textarea-gap,--nys-space-50,4px
nys-textarea,private,--_nys-textarea-color,--nys-color-text,var(--nys-color-neutral-900
nys-textarea,private,--_nys-textarea-placeholder-color,--nys-color-text-weaker,var(--nys-color-neutral-500
nys-textarea,private,--_nys-textarea-hover-color-outline,--nys-color-neutral-900,#1b1b1b
nys-textarea,private,--_nys-textarea-hover-width-outline,--nys-border-width-sm,1px
nys-textarea,private,--_nys-textarea-focus-color-outline,--nys-color-focus,#004dd1
nys-textarea,private,--_nys-textarea-focus-width-outline,--nys-border-width-sm,1px
nys-textarea,private,--_nys-textarea-disabled-bg-color,--nys-color-neutral-10,#f6f6f6
nys-textarea,private,--_nys-textarea-disabled-color-border,--nys-color-neutral-200,#bec0c1
nys-textarea,private,--_nys-textarea-disabled-color-text,--nys-color-text-disabled,var(--nys-color-neutral-200
nys-textarea,private,--_nys-textarea-family-ui,--nys-font-family-ui,"var(
        --nys-font-family-sans"
nys-textarea,private,--_nys-textarea-size-ui-md,--nys-font-size-ui-md,16px
nys-textarea,private,--_nys-textarea-weight-ui,--nys-font-weight-regular,400
nys-textarea,private,--_nys-textarea-lineheight-ui,--nys-font-lineheight-ui-md,24px
nys-textarea,private,--_nys-textarea-color-ui,--nys-color-ink,#1b1b1b
nys-textarea,private,--_nys-textarea-width,--nys-form-width-sm,88px
nys-textarea,private,--_nys-textarea-width,--nys-form-width-md,200px
nys-textarea,private,--_nys-textarea-width,--nys-form-width-lg,384px
nys-textarea,private,--_nys-textarea-width,,
nys-textarea,private,--_nys-textarea-color-border,--nys-color-danger,#b52c2c
nys-textinput,private,--_nys-textinput-width,,
nys-textinput,private,--_nys-textinput-height,--nys-size-500,40px
nys-textinput,private,--_nys-textinput-radius,--nys-radius-md,4px
nys-textinput,private,--_nys-textinput-width-border,--nys-border-width-sm,1px
nys-textinput,private,--_nys-textinput-color-border,--nys-color-neutral-400,#909395
nys-textinput,private,--_nys-textinput-text-color,--nys-color-text,var(--nys-color-neutral-900
nys-textinput,private,--_nys-textinput-placeholder-color,--nys-color-text-weaker,var(--nys-color-neutral-500
nys-textinput,private,--_nys-textinput-padding,--nys-space-100,8px
nys-textinput,private,--_nys-textinput-gap,--nys-space-50,4px
nys-textinput,private,--_nys-textinput-background-color,--nys-color-ink-reverse,var(--nys-color-white
nys-textinput,private,--_nys-textinput-icon-color,--nys-color-ink,var(--nys-color-neutral-900
nys-textinput,private,--_nys-textinput-hover-color-outline,--nys-color-neutral-900,#1b1b1b
nys-textinput,private,--_nys-textinput-hover-width-outline,--nys-border-width-sm,1px
nys-textinput,private,--_nys-textinput-focus-color-outline,--nys-color-focus,#004dd1
nys-textinput,private,--_nys-textinput-focus-width-outline,--nys-border-width-sm,1px
nys-textinput,private,--_nys-textinput-disabled-color,--nys-color-neutral-10,#f6f6f6
nys-textinput,private,--_nys-textinput-disabled-color-border,--nys-color-neutral-200,#bec0c1
nys-textinput,private,--_nys-textinput-disabled-color-text,--nys-color-text-disabled,var(--nys-color-neutral-200
nys-textinput,private,--_nys-textinput-family-ui,--nys-font-family-ui,"var(
        --nys-font-family-sans"
nys-textinput,private,--_nys-textinput-size-ui-md,--nys-font-size-ui-md,16px
nys-textinput,private,--_nys-textinput-weight-ui,--nys-font-weight-regular,400
nys-textinput,private,--_nys-textinput-lineheight-ui,--nys-font-lineheight-ui-md,24px
nys-textinput,private,--_nys-textinput-color-ui,--nys-color-ink,#1b1b1b
nys-textinput,private,--_nys-textinput-width,--nys-form-width-sm,88px
nys-textinput,private,--_nys-textinput-width,--nys-form-width-md,200px
nys-textinput,private,--_nys-textinput-width,--nys-form-width-lg,384px
nys-textinput,private,--_nys-textinput-width,,
nys-textinput,private,--_nys-textinput-color-border,--nys-color-danger,#b52c2c
nys-textinput,private,--_nys-button-height,--_nys-textinput-height,
nys-textinput,private,--_nys-button-radius-left,--_nys-textinput-radius,
nys-textinput,private,--_nys-button-radius-right,--_nys-textinput-radius,
nys-textinput,private,--_nys-button-color-bg-disabled,--_nys-textinput-disabled-color,
nys-textinput,private,--_nys-button-color-border-disabled,--_nys-textinput-disabled-color-text,
nys-textinput,private,--_nys-button-color-text-disabled,--_nys-textinput-disabled-color-text,
nys-textinput,private,--_nys-button-width-border,--_nys-textinput-width-border,
nys-textinput,private,--_nys-button-radius-right,,
nys-textinput,private,--_nys-button-radius-left,,
nys-textinput,private,--_nys-button-color-bg,--_nys-textinput-background-color,
nys-textinput,private,--_nys-button-color-bg-hover,--_nys-textinput-background-color,
nys-textinput,private,--_nys-button-color-bg-active,--_nys-textinput-background-color,
nys-textinput,private,--_nys-button-offset-focus,--_nys-button-width-focus,
nys-textinput,private,--_nys-button-padding-y,--nys-space-50,4px
nys-textinput,private,--_nys-button-padding-x,--nys-space-50,4px
nys-textinput,private,--_nys-button-height,--nys-size-300,32px
nys-textinput,private,--_nys-button-width,--nys-size-400,32px
nys-toggle,private,--_nys-toggle-width,--nys-font-size-8xl,44px
nys-toggle,private,--_nys-toggle-height,--nys-size-300,24px
nys-toggle,private,--_nys-toggle-border-radius,--nys-radius-round,1776px
nys-toggle,private,--_nys-toggle-width-border,--nys-border-width-md,2px
nys-toggle,private,--_nys-toggle-slider-diameter,--nys-font-size-lg,18px
nys-toggle,private,--_nys-toggle-slider-offset,--_nys-toggle-height,
nys-toggle,private,--_nys-toggle-slider-checked-translate,--_nys-toggle-width,
nys-toggle,private,--_nys-toggle-slider-round,--nys-radius-round,1776px
nys-toggle,private,--_nys-toggle-gap,--nys-space-150,12px
nys-toggle,private,--_nys-toggle-font-family,--nys-font-family-ui,"var(
        --nys-font-family-sans"
nys-toggle,private,--_nys-toggle-font-size,--nys-font-size-ui-md,16px
nys-toggle,private,--_nys-toggle-font-weight,--nys-font-weight-regular,400
nys-toggle,private,--_nys-toggle-line-height,--nys-font-lineheight-ui-md,24px
nys-toggle,private,--_nys-toggle-transition-duration,,
nys-toggle,private,--_nys-toggle-border-focus-color,--nys-color-focus,#004dd1
nys-toggle,private,--_nys-toggle-border-width-focus,--nys-border-width-md,2px
nys-toggle,private,--_nys-toggle-color-base,--nys-color-neutral-500,#797c7f
nys-toggle,private,--_nys-toggle-color-base-weak,--nys-color-neutral-100,#d0d0ce
nys-toggle,private,--_nys-toggle-color-theme,--nys-color-theme,var(--nys-color-state-blue-700
nys-toggle,private,--_nys-toggle-color-neutral,--nys-color-neutral-600,#62666a
nys-toggle,private,--_nys-toggle-color-neutral-700,--nys-color-neutral-700,#4a4d4f
nys-toggle,private,--_nys-toggle-color-theme-strong,--nys-color-theme-strong,var(--nys-color-state-blue-800
nys-toggle,private,--_nys-toggle-color-theme-stronger,--nys-color-theme-stronger,var(--nys-color-state-blue-900
nys-toggle,private,--_nys-toggle-color-ink-reverse,--nys-color-ink-reverse,var(--nys-color-white
nys-toggle,private,--_nys-toggle-text-color,--nys-color-text,var(--nys-color-neutral-900
nys-toggle,private,--_nys-toggle-disabled-color,--nys-color-text-weaker,var(--nys-color-neutral-500
nys-toggle,private,--_nys-toggle-icon-font-size-xs,--nys-font-size-body-xs,var(--nys-font-size-xs
nys-toggle,private,--_nys-toggle-icon-font-size-sm,--nys-font-size-body-sm,var(--nys-font-size-sm
nys-toggle,private,--_nys-toggle-width,--nys-toggle-font-size-6xl,36px
nys-toggle,private,--_nys-toggle-height,--nys-toggle-size-250,20px
nys-toggle,private,--_nys-toggle-slider-diameter,--nys-toggle--font-size-md,16px
nys-toggle,private,--_nys-toggle-icon-font-size,--nys-toggle-font-size-sm,14px
nys-toggle,private,--_nys-toggle-gap,--nys-space-100,8px
nys-toggle,private,--_nys-toggle-width,--nys-toggle-font-size-8xl,44px
nys-toggle,private,--_nys-toggle-height,--nys-toggle-size-300,24px
nys-toggle,private,--_nys-toggle-slider-diameter,--nys-toggle-font-size-xl,20px
nys-toggle,private,--_nys-toggle-icon-font-size,--nys-toggle-font-size-md,16px
nys-tooltip,private,--_nys-tooltip-color,--nys-color-text-reverse,#ffffff
nys-tooltip,private,--_nys-tooltip-background,--nys-color-ink,#1b1b1b
nys-tooltip,private,--_nys-tooltip-border-radius,--nys-radius-md,4px
nys-tooltip,private,--_nys-tooltip-font-family,--nys-font-family-ui,"var(
        --nys-font-family-sans"
nys-tooltip,private,--_nys-tooltip-font-size,--nys-type-size-ui-sm,14px
nys-tooltip,private,--_nys-tooltip-letterspacing,--nys-font-letterspacing-ui-sm,0.044px
nys-tooltip,private,--_nys-tooltip-lineheight,--nys-font-lineheight-ui-sm,24px
nys-tooltip,private,--_nys-tooltip-color,--nys-color-text,#1b1b1b
nys-tooltip,private,--_nys-tooltip-background,--nys-color-ink-reverse,#fff
nys-unavfooter,private,--_nys-unavfooter-link-color,--nys-color-link-reverse-neutral,var(--nys-color-white
nys-unavfooter,private,--_nys-unavfooter-background,--nys-color-surface-reverse,var(--nys-color-neutral-900
nys-unavfooter,private,--_nys-unavfooter-gap-spacing,--nys-space-200,16px
nys-unavfooter,private,--_nys-unavfooter-padding,--nys-space-250,20px
nys-unavfooter,private,--_nys-unavfooter-gutter,--nys-gutter-sm,20px
nys-unavfooter,private,--_nys-unavfooter-font-size,--nys-font-size-agency-xl,var(--nys-font-size-2xl
nys-unavfooter,private,--_nys-unavfooter-font-size-links,--nys-font-size-body-md,var(--nys-font-size-md
nys-unavfooter,private,--_nys-unavfooter-font-weight-semibold,--nys-font-weight-semibold,600
nys-unavfooter,private,--_nys-unavfooter-content-max-width,--nys-max-content-width,1280px
nys-unavfooter,private,--_nys-unavfooter-link-gap-spacing-row,--nys-space-250,20px
nys-unavfooter,private,--_nys-unavfooter-link-gap-spacing-column,--nys-space-600,48px
nys-unavfooter,private,--_nys-unavfooter-link-lineheight,--nys-font-lineheight-ui-md,24px
nys-unavfooter,private,--_nys-unavfooter-link-letterspacing,--nys-font-letterspacing-ui-md,var(--nys-font-letterspacing-400
nys-unavfooter,private,--_nys-unavfooter-font-family,--nys-font-family-ui,"var(
        --nys-font-family-sans"
nys-unavfooter,private,--_nys-unavfooter-link-weight-decoration,--nys-size-2px,2px
nys-unavfooter,private,--_nys-unavfooter-gutter,--nys-gutter-lg,32px
nys-unavfooter,private,--_nys-unavfooter-link-gap-spacing-column,--nys-space-600,48px
nys-unavfooter,private,--_nys-unavfooter-gap-spacing,--nys-space-800,64px
nys-unavfooter,private,--_nys-unavfooter-gutter,--nys-gutter-xl,64px
nys-unavheader,private,--_nys-unavheader-gutter,--nys-gutter-xs,20px
nys-unavheader,private,--_nys-unavheader-bg-color,--nys-color-surface,var(--nys-color-white
nys-unavheader,private,--_nys-unavheader-text-color,--nys-color-text,var(--nys-color-neutral-900
nys-unavheader,private,--_nys-unavheader-surface-raised-color,--nys-color-surface-raised,var(--nys-color-neutral-10
nys-unavheader,private,--_nys-button-color-text,--nys-color-state-blue-700,#154973
nys-unavheader,private,--_nys-button-color-text-hover,--nys-color-state-blue-700,#154973
nys-unavheader,private,--_nys-button-color-text-active,--nys-color-state-blue-700,#154973
nys-unavheader,private,--_nys-button-width,--nys-size-400,32px
nys-unavheader,private,--_nys-button-height,--nys-size-400,32px
nys-unavheader,private,--_nys-button-padding-y,,
nys-unavheader,private,--_nys-button-padding-x,,
nys-unavheader,private,--_nys-button-height,--nys-font-lineheight-ui-xs,20px
nys-unavheader,private,--_nys-button-radius,--nys-radius-md,4px
nys-unavheader,private,--_nys-button-padding-y,--nys-space-2px,2px
nys-unavheader,private,--_nys-button-padding-x,--nys-space-50,4px
nys-unavheader,private,--_nys-button-width-border,,
nys-unavheader,private,--_nys-button-text-decoration,,
nys-unavheader,private,--_nys-button-color-text,--nys-color-link,#004dd1
nys-unavheader,private,--_nys-button-color-text-hover,--nys-color-link-strong,#003ba1
nys-unavheader,private,--_nys-button-color-text-active,--nys-color-link-strongest,#002971
nys-unavheader,private,--_nys-button-color-bg-hover,--nys-color-transparent,#ffffff00
nys-unavheader,private,--_nys-button-color-bg-active,--nys-color-transparent,#ffffff00
nys-unavheader,private,--_nys-button-font-size,--nys-font-size-ui-xs,12px
nys-unavheader,private,--_nys-button-font-weight,--nys-font-weight-regular,400
nys-unavheader,private,--_nys-button-line-height,--nys-font-lineheight-ui-xs,20px
nys-unavheader,private,--_nys-button-font-family,--nys-font-family-ui,"var(
        --nys-font-family-sans"
nys-unavheader,private,--_nys-unavheader-gutter,--nys-gutter-xs,20px
nys-unavheader,private,--_nys-button-padding-x,,
nys-unavheader,private,--_nys-button-padding-y,,
nys-unavheader,private,--_nys-unavheader-gutter,--nys-gutter-sm,20px
nys-unavheader,private,--_nys-unavheader-gutter,--nys-gutter-md,32px
nys-unavheader,private,--_nys-unavheader-gutter,--nys-gutter-lg,32px
nys-unavheader,private,--_nys-unavheader-gutter,--nys-gutter-xl,64px
